name,description,coverImage,cards,privacy,language,deleted,createdAt,updatedAt
,,,,,,,,
,,,,,,,,
,,,,,,,,
,,,,,,,,
,,,,,,,,
,,,,,,,,
Ð?ng t? nhóm 3(passe compose),,,"### Card 1
Front
* apprendre

Back
* ![image](https://d9np3dj86nsu2.cloudfront.net/image/17542ba93d1e7dbecd7f14dbab705c10)

### Card 2
Front
* s’assesoir(seat)

Back
* je suis assis

### Card 3
Front
* cuire

Back
* cuit(bake, cook)

### Card 4
Front
* dire

Back
* dit

### Card 5
Front
* écrire

Back
* écrit

### Card 6
Front
* frire

Back
* frit(fry)

### Card 7
Front
* fuir

Back
* fui(escape)

### Card 8
Front
* mettre

Back
* mis(put)

### Card 9
Front
* prendre

Back
* pris(take)

### Card 10
Front
* promettre

Back
* promis(promise)

### Card 11
Front
* remettre

Back
* remis(reset)

### Card 12
Front
* rire

Back
* ri(laugh)

### Card 13
Front
* avoir

Back
* eu

### Card 14
Front
* boire

Back
* bU

### Card 15
Front
* croire

Back
* crU(believe)

### Card 16
Front
* décevoir

Back
* déçu(dissapoint)

### Card 17
Front
* élire

Back
* élu(elect=d?c c?)

### Card 18
Front
* lire

Back
* lu

### Card 19
Front
* plaire

Back
* plu(please)

### Card 20
Front
* pleuvoir

Back
* plu(rain)

### Card 21
Front
* pouvoir

Back
* pu(can)

### Card 22
Front
* prévoir

Back
* prévu(provide)

### Card 23
Front
* recevoir

Back
* reçu(receive)

### Card 24
Front
* savoir

Back
* su(know)

### Card 25
Front
* se taire

Back
* shut up(tu)

### Card 26
Front
* voir

Back
* vu(see)

### Card 27
Front
* vouloir

Back
* voulu(want)

### Card 28
Front
* devoir(must)

Back
* ![image](https://d9np3dj86nsu2.cloudfront.net/image/20fe91105cdaa274d8a429bdadaf174a)

### Card 29
Front
* être

Back
* été

### Card 30
Front
* faire

Back
* fait

### Card 31
Front
* offrir(offer)

Back
* offert

### Card 32
Front
* mourir(die)

Back
* mort

### Card 33
Front
* naitre(born)

Back
* né

### Card 34
Front
* condUIRE(conduct, drive)

Back
* condUIT

### Card 35
Front
* constrUIRE(construct)

Back
* constrUIT

### Card 36
Front
* tradUIRE(translate)

Back
* tradUIT

### Card 37
Front
* éteINDRE(turn off)

Back
* éteINT

### Card 38
Front
* peINDRE(paint)

Back
* peINT

### Card 39
Front
* joINDRE(join)

Back
* joINT

### Card 40
Front
* connaître(know)

Back
* connu

### Card 41
Front
* tenir(hold)

Back
* tenu

### Card 42
Front
* attendre(wait)

Back
* attendu

### Card 43
Front
* courir

Back
* couru

### Card 44
Front
* descendre

Back
* descendu

### Card 45
Front
* disparaître(disappear)

Back
* disparu

### Card 46
Front
* entendre(hear)

Back
* entendu

### Card 47
Front
* plaire(please)

Back
* plu

### Card 48
Front
* pleuvoir(rain)

Back
* plu

### Card 49
Front
* recevoir(receive)

Back
* reçu

### Card 50
Front
* rendre(return)

Back
* rendu

### Card 51
Front
* répondre(respond)

Back
* répondu

### Card 52
Front
* vendre(sell)

Back
* rendu

### Card 53
Front
* vivre(live)

Back
* vécu

### Card 54
Front
* sourire(smile)

Back
* souri",Everyone,en,FALSE,26-11-19 15:39,20-05-20 17:24
,,,,,,,,
,,,,,,,,
,,,,,,,,
,,,,,,,,
,,,,,,,,
,,,,,,,,
,,,,,,,,
,,,,,,,,
,,,,,,,,
,,,,,,,,
,,,,,,,,
Ð?ng t? nhóm 3(future simple),,,"### Card 1
Front
* aller

Back
* ![image](https://d9np3dj86nsu2.cloudfront.net/image/adbfaeb390e3395a4362108c8b1b9b72)

### Card 2
Front
* appeler

Back
* ![image](https://d9np3dj86nsu2.cloudfront.net/image/47b9ac811c73ce4dff2f4c2384a3a08c)

### Card 3
Front
* avoir

Back
* ![image](https://d9np3dj86nsu2.cloudfront.net/image/9919f2cbf295a9ea691b25e45440378e)

### Card 4
Front
* devenir

Back
* ![image](https://d9np3dj86nsu2.cloudfront.net/image/006cc8f54da0461a5f6bab3036a6a047)

### Card 5
Front
* devoir

Back
* ![image](https://d9np3dj86nsu2.cloudfront.net/image/ea24219ea563eeea3fc5069c92df9561)

### Card 6
Front
* envoyer

Back
* ![image](https://d9np3dj86nsu2.cloudfront.net/image/5bcb6f63ccd5b29e5cb5a20d37653c71)

### Card 7
Front
* être

Back
* ![image](https://d9np3dj86nsu2.cloudfront.net/image/a71f23a306ea7e7989169485d5adc234)

### Card 8
Front
* faire

Back
* ![image](https://d9np3dj86nsu2.cloudfront.net/image/cda1f822eabd95c170675d58cadfe83c)

### Card 9
Front
* lever

Back
* ![image](https://d9np3dj86nsu2.cloudfront.net/image/f6deee9c38a4718c06cb5672d56401ba)

### Card 10
Front
* obtenir

Back
* ![image](https://d9np3dj86nsu2.cloudfront.net/image/1e6affa72d35f494af8213c1747da557)

### Card 11
Front
* payer

Back
* ![image](https://d9np3dj86nsu2.cloudfront.net/image/34858b4cf4c8a98ca0e826861d6bc4a8)

### Card 12
Front
* pouvoir

Back
* ![image](https://d9np3dj86nsu2.cloudfront.net/image/ccea7e7967626b0e2626fb0eb6889b06)

### Card 13
Front
* recevoir

Back
* ![image](https://d9np3dj86nsu2.cloudfront.net/image/37451ae3593a89ccfd033fd4bbfcb439)

### Card 14
Front
* savoir

Back
* ![image](https://d9np3dj86nsu2.cloudfront.net/image/f17bf38c5c2329c21148d4c5656bff55)

### Card 15
Front
* voir

Back
* ![image](https://d9np3dj86nsu2.cloudfront.net/image/476365d864dc8f8c5659cbb8fdad45c4)

### Card 16
Front
* vouloir

Back
* ![image](https://d9np3dj86nsu2.cloudfront.net/image/7b67e7a155d477af03417a09e52e355f)

### Card 17
Front
* venir(come)

Back
* ![image](https://d9np3dj86nsu2.cloudfront.net/image/37ff9008d2222a01056833d87b338ab0)

### Card 18
Front
* mourir(die)

Back
* ![image](https://d9np3dj86nsu2.cloudfront.net/image/0cd9411c854f2157cac76cbde6509cf4)

### Card 19
Front
* accueillir(meet)

Back
* ![image](https://d9np3dj86nsu2.cloudfront.net/image/d31fe31a1067a9e98980bc683e0e06ed)

### Card 20
Front
* tenir(hold)

Back
* ![image](https://d9np3dj86nsu2.cloudfront.net/image/947346b1d791b84432e069ffdc71a30f)

### Card 21
Front
* courir(run)

Back
* ![image](https://d9np3dj86nsu2.cloudfront.net/image/e5ecef027179b6c484df78138015381f)

### Card 22
Front
* valoir(cost)

Back
* ![image](https://d9np3dj86nsu2.cloudfront.net/image/4af522b5191d0f5bb1e48cb25a4990e4)

### Card 23
Front
* falloir(need to)

Back
* il faudra

### Card 24
Front
* pleuvoir

Back
* il pleuvra

### Card 25
Front
* s’asseoir(sit)

Back
* ![image](https://d9np3dj86nsu2.cloudfront.net/image/7dfe9970669ac5fd172acc2ceff25296)

### Card 26
Front
* prendre

Back
* ![image](https://d9np3dj86nsu2.cloudfront.net/image/06e3a1f473fc719d09853942ee9a6b70)

### Card 27
Front
* écrire

Back
* ![image](https://d9np3dj86nsu2.cloudfront.net/image/3dd67495ca9fa7b437df09e6c2c37a08)

### Card 28
Front
* attendre

Back
* ![image](https://d9np3dj86nsu2.cloudfront.net/image/076b8995d0f45d520f7976690d712df8)

### Card 29
Front
* vendre

Back
* ![image](https://d9np3dj86nsu2.cloudfront.net/image/28aeb8baf6ec32aff88bdb12cb2f36f8)",Everyone,en,FALSE,14-03-20 23:23,19-04-20 12:02
,,,,,,,,
,,,,,,,,
,,,,,,,,
,,,,,,,,
,,,,,,,,
,,,,,,,,
Noncategorical 2,This collection is the sum of my mistakes during the time I study in Duolingo,,"### Card 1
Front
* La population est vieille

Back
* The population is old

### Card 2
Front
* plus tard

Back
* later

### Card 3
Front
* He tries again later

Back
* Il essaie à nouveau plus tard

### Card 4
Front
* Commencez maintenant!

Back
* Start now!

### Card 5
Front
* le banlieue

Back
* suburbs

### Card 6
Front
* Comment se passe ta retraite?

Back
* How is your retirement going?

### Card 7
Front
* cru

Back
* raw(adj)

### Card 8
Front
* le lion mange un poulet cru

Back
* The lion is eating a raw chicken

### Card 9
Front
* Je n'ai pas une telle robe!

Back
* I do not have such a dress!

### Card 10
Front
* comment répondons-nous à ces lettres?

Back
* How do we respond to these letters?

### Card 11
Front
* durant la nuit

Back
* during the night

### Card 12
Front
* je me repose

Back
* I rest

### Card 13
Front
* C'est une assiette de riz

Back
* it is a plate of rice

### Card 14
Front
* outlet

Back
* price

### Card 15
Front
* les serviettes de table

Back
* the napkins

### Card 16
Front
* J'ai une téléphone fixe

Back
* I have a landline

### Card 17
Front
* lourd

Back
* heavy

### Card 18
Front
* C'est pire

Back
* It is worse

### Card 19
Front
* Ma crêpe est fine

Back
* My crepe is thin

### Card 20
Front
* She lies

Back
* elle ment

### Card 21
Front
* vous partez déjà?

Back
* Are you leaving already?

### Card 22
Front
* J'agis

Back
* I am taking action

### Card 23
Front
* le vin agit

Back
* the wine is taking effect

### Card 24
Front
* votre fils est brun

Back
* your son is dark-haired

### Card 25
Front
* nous sommes les meilleurs

Back
* We are the best

### Card 26
Front
* Nous n'avons aucun disque

Back
* we do not have any discs

### Card 27
Front
* Après, ça a marché

Back
* Afterwards it worked

### Card 28
Front
* Un jour, il a disparu pour de bon

Back
* one day, he dissapeared for good

### Card 29
Front
* Il a réussi!

Back
* He succeeded

### Card 30
Front
* Je ne vous ai pas entendu

Back
* I did not hear you

### Card 31
Front
* Il a arrêté la voiture

Back
* He stopped the car

### Card 32
Front
* Quelle date as-tu prévue?

Back
* What date have you planned?

### Card 33
Front
* Personne ne m'a cru au début

Back
* Nobody believed me at first

### Card 34
Front
* Tournez-vous vers l'entrée

Back
* Turn toward the entrance

### Card 35
Front
* L'intérieur du château est très grand

Back
* The inside of the castle is wide

### Card 36
Front
* J'ai marché en direction du parc

Back
* I walked towards the park

### Card 37
Front
* L'enfant fait un pas

Back
* The child takes a step

### Card 38
Front
* pas

Back
* step(noun)

### Card 39
Front
* sale

Back
* dirty

### Card 40
Front
* L'extérieur de verre est sale

Back
* The outside of that glass is dirty

### Card 41
Front
* panneau

Back
* sign

### Card 42
Front
* Au sud

Back
* to the south

### Card 43
Front
* ce plan a marché

Back
* This plan has worked

### Card 44
Front
* Nous nous tournons en direction du nord

Back
* we are turning north

### Card 45
Front
* Il va vers l'est

Back
* He goes to the easst

### Card 46
Front
* Je vais vers l'ouesst

Back
* I am going to the west

### Card 47
Front
* le fond

Back
* the bottom

### Card 48
Front
* inverse

Back
* opposite(adj)

### Card 49
Front
* as tu eu un chien?

Back
* have you had a dog?

### Card 50
Front
* Du moins,

Back
* At least,

### Card 51
Front
* où avait allaient ils?

Back
* where were they  going?

### Card 52
Front
* Je ne voyais personne

Back
* I saw no one

### Card 53
Front
* Il a beaucoup bu hier

Back
* He drank a lot yesterday

### Card 54
Front
* Où cela s'est-il passé?

Back
* where did that happen?

### Card 55
Front
* souvenues

Back
* recalled

### Card 56
Front
* Je aimais les moins aimé elle

Back
* I loved them less than her

### Card 57
Front
* Elle a tiré ma chemise

Back
* She pulled my shirt

### Card 58
Front
* il a conçu la voiture

Back
* He designed the car

### Card 59
Front
* Il m'a atteinte

Back
* He reached me

### Card 60
Front
* J'ai raté mon diner

Back
* I spoiled(làm h?ng) my dinner.

### Card 61
Front
* Deux plus deux ""égale"" quatre

Back
* Two plus two equals fours

### Card 62
Front
* un milliard

Back
* one billion

### Card 63
Front
* millions

Back
* millions

### Card 64
Front
* chiffres

Back
* numbers

### Card 65
Front
* Il y a une ""dizaine"" de livres

Back
* There are about ""ten"" books

### Card 66
Front
* ils sont des centaines de millions

Back
* They are hundreds of millions

### Card 67
Front
* bizzarres

Back
* weird

### Card 68
Front
* Tu as des pensées bizarres

Back
* you have weird thoughts

### Card 69
Front
* peur

Back
* fear(noun)

### Card 70
Front
* C'est un plaisir pour nous

Back
* It is a pleasure for us

### Card 71
Front
* bonheur

Back
* happiness

### Card 72
Front
* un grand moment de bonheur

Back
* A great moment of happiness

### Card 73
Front
* C'est l'amour parfait

Back
* It is perfect love

### Card 74
Front
* Nous avons "" rêvé"" de notre voiture

Back
* We dreamed of our car

### Card 75
Front
* goût

Back
* taste

### Card 76
Front
* Elle aime le goût des fraises

Back
* She likes the taste of strawberries

### Card 77
Front
* sentiment

Back
* feeling

### Card 78
Front
* elle joue avec nos sentiments

Back
* She is playing with our feelings

### Card 79
Front
* Où est le tribunal?

Back
* Where is the courthouse?

### Card 80
Front
* honte

Back
* shame(noun)

### Card 81
Front
* J'ai honte

Back
* I feel ashamed

### Card 82
Front
* Il est populaire parmi ses collègues.

Back
* he is popular among his colleagues

### Card 83
Front
* envier

Back
* desire

### Card 84
Front
* pleurer

Back
* cry

### Card 85
Front
* Il a envie de pleurer

Back
* He feels like crying

### Card 86
Front
* Nous lisons nos documents et vous les vôtres

Back
* We read our documents and you read yours

### Card 87
Front
* Mon couteau ne coupe plus

Back
* My knife no longer cuts

### Card 88
Front
* la cuillère

Back
* the spoon

### Card 89
Front
* comment être juste

Back
* How to be fair

### Card 90
Front
* tranquille

Back
* quiet

### Card 91
Front
* L'eau est tranquille

Back
* The water is still

### Card 92
Front
* être amoureuse

Back
* to be in love

### Card 93
Front
* Elle semle être amoureuse de mon frère

Back
* She seems to be in love with my brother.

### Card 94
Front
* Un moment magicque

Back
* A magical moment

### Card 95
Front
* au prochain panneau, tournez à droite

Back
* at the next road sign, turn right

### Card 96
Front
* faire demi-tour

Back
* turn back/turn around

### Card 97
Front
* mince

Back
* thin

### Card 98
Front
* le plafond

Back
* the ceilling

### Card 99
Front
* haut

Back
* high(adj)

### Card 100
Front
* profond

Back
* deep(adj)

### Card 101
Front
* Sauf un !

Back
* Except one !

### Card 102
Front
* Chacun

Back
* each

### Card 103
Front
* Chacun est libre de choisir

Back
* Each is free to choose

### Card 104
Front
* Il mange n'importe quoi

Back
* He eats anything

### Card 105
Front
* n'importe quoi

Back
* anything/whatever

### Card 106
Front
* C'est le même

Back
* It is the same

### Card 107
Front
* C'est faible

Back
* It is weak

### Card 108
Front
* une dame

Back
* A lady

### Card 109
Front
* étranger

Back
* foreign

### Card 110
Front
* Est-ce ""grave""?

Back
* Is it ""serious""?

### Card 111
Front
* voir c'est croire

Back
* seeing is believing

### Card 112
Front
* I am afraid of falling

Back
* J'ai peur de tomber

### Card 113
Front
* c'est naturel d'avoir peur de ""mourir""

Back
* it's natural to be afraid of ""dying""

### Card 114
Front
* poubelle

Back
* trash can(thùng rác)

### Card 115
Front
* jeter

Back
* throw

### Card 116
Front
* cet ""outil"" marche bien

Back
* this tool works weell

### Card 117
Front
* couvert

Back
* cutlery(dao kéo)

### Card 118
Front
* le douche

Back
* shower(vòi hoa sen)

### Card 119
Front
* propre

Back
* clean

### Card 120
Front
* Qu'est-ce qu'il ""branche""?

Back
* What does he connect?

### Card 121
Front
* Elle n'a aucun effet sur moi

Back
* She does not have any effect on me.

### Card 122
Front
* tu suis son exemple

Back
* you are following his example

### Card 123
Front
* Quelle faire dans une telle situation?

Back
* What to do in such a situation?

### Card 124
Front
* le genre

Back
* kind/sort

### Card 125
Front
* la confiance

Back
* confidence

### Card 126
Front
* l'avenir

Back
* future

### Card 127
Front
* besoin

Back
* need

### Card 128
Front
* Il a besoin de moi

Back
* He needs me

### Card 129
Front
* Un fois ou deux fois?

Back
* Once or twice?

### Card 130
Front
* Mon frère mange deux fois plus que moi

Back
* My brother eats twice as much as i do

### Card 131
Front
* le moyen

Back
* way

### Card 132
Front
* il n'y a qu'un seul

Back
* There is only one

### Card 133
Front
* il n'y a qu'un seul moyen

Back
* There is only one way

### Card 134
Front
* J'ai lu ça dans la presse

Back
* I read that in the press

### Card 135
Front
* Il a mis fin à la ""conversation""

Back
* He puts an end to the conversation.

### Card 136
Front
* Je suis en communication avec lui.

Back
* I'm in communication with him.

### Card 137
Front
* J'a entends cris

Back
* I hear screams

### Card 138
Front
* Entends-tu des voix?

Back
* Do you hear voices?

### Card 139
Front
* vous avez un appel!

Back
* You have a call

### Card 140
Front
* that is not a sentence

Back
* Ce n'est pas un phrase.

### Card 141
Front
* Quel est ce ""argument""?

Back
* What is this argument?

### Card 142
Front
* Pas des nouvelles, bonnes nouvelles

Back
* No news is good news

### Card 143
Front
* Savoir

Back
* knowledge

### Card 144
Front
* Je suis en contact avec elle.

Back
* I am in contact with her.

### Card 145
Front
* mes parents entendent vos commentaires

Back
* my parents hear your comments

### Card 146
Front
* Tous les commentaires n'ont pas été ""positifs""

Back
* not all the reviews were positive.

### Card 147
Front
* C'est un lieu de ""recontre""

Back
* It is a meeting place

### Card 148
Front
* Leur ""avis"" sont différents

Back
* Their opinions are different

### Card 149
Front
* la ""demande"" est forte en cette ""saison""

Back
* Demand is high in this season.

### Card 150
Front
* bonjour

Back
* hello",Everyone,en,FALSE,15-10-18 1:58,14-04-20 21:57
,,,,,,,,
Mistake duolingo 3,,,"### Card 1
Front
* Le SOLDAT nettoie ses outils

Back
* The soldier is cleaning his tools

### Card 2
Front
* Les horloges noires ne marchent pas

Back
* the black clocks are not working",Everyone,en,TRUE,25-11-18 22:27,14-04-20 21:55
,,,,,,,,
,,,,,,,,
French class Marie 14.10,,,"### Card 1
Front
* deviner.  Devine comment il s'appelle.

Back
* guess

### Card 2
Front
* la campagne

Back
* countryside

### Card 3
Front
* loin. loin de la ville

Back
* far

### Card 4
Front
* faire des feux

Back
* make fire

### Card 5
Front
* regaler .je vais me régaler !

Back
* thi?t dãi.Tôi s? t?n hu?ng nó

### Card 6
Front
* prendre des cours de + môn h?c

Back
* tham gia l?p h?c nào

### Card 7
Front
* faire de la luge

Back
* tru?t bang

### Card 8
Front
* la premier fois

Back
* the first time

### Card 9
Front
* peut être

Back
* may be

### Card 10
Front
* même. Ils vont meme peut etre essayer de monter sur des skis pour la premiere fois

Back
* even. they may even be trying to get on skis for the first time

### Card 11
Front
* rires

Back
* laugh

### Card 12
Front
* très  drôle

Back
* very funny

### Card 13
Front
* la plage

Back
* the beach

### Card 14
Front
* monter

Back
* climb, ascend

### Card 15
Front
* cocher. Coche les bonnes reponses

Back
* check, tick",Everyone,en,TRUE,16-10-19 20:18,14-04-20 21:23
Direction + gi?i t? ch? v? trí + giao thông,,,"### Card 1
Front
* Sur ta gauche!

Back
* on your left

### Card 2
Front
* intérieur

Back
* inside

### Card 3
Front
* Je tourne à droite

Back
* I am turning right

### Card 4
Front
* Ces positions n'existent pas

Back
* Those positions n'existent pas

### Card 5
Front
* entrée

Back
* hall

### Card 6
Front
* La Terre tourne

Back
* The earth turns

### Card 7
Front
* Nous tournons notre chaise vers la fenêtre

Back
* We turn our chair toward the window

### Card 8
Front
* Elle est au centre du village

Back
* It is in the center of the village

### Card 9
Front
* Il y a un panneau rouge avec un ""croix"" blanch

Back
* There is a red sign with a white ""cross""

### Card 10
Front
* Elle ""fait un pas dans"" le jardin

Back
* She steps into the garden

### Card 11
Front
* Les femmes passent ""l'arrivée"" en voiture

Back
* The women cross ""the finish line"" by car

### Card 12
Front
* ""L'extérieur"" de ce bol est sale

Back
* The outside of that bowl is dirty

### Card 13
Front
* La sortie est ici

Back
* The exit is here

### Card 14
Front
* je regarde ""en direction du"" jeune roi

Back
* I look ""toward"" the young king

### Card 15
Front
* L'arrivée est à Paris

Back
* The arrival is in Paris

### Card 16
Front
* Ce n'est pas une ""si"" grande distance

Back
* It is not such a big distance

### Card 17
Front
* Je suis perdu

Back
* I'm lost

### Card 18
Front
* longez-la et, au feu, tournez a` gauche

Back
* walk along it and at the traffic lights, turn left

### Card 19
Front
* prenez la premie`re rue a` droite

Back
* take the first street on the right

### Card 20
Front
* Il y a un pont 200 me`tres plus loin

Back
* There is a bridge 200 meters away

### Card 21
Front
* traversez-le !

Back
* cross it !

### Card 22
Front
* après

Back
* next to

### Card 23
Front
* tracez l'itinéraire

Back
* trace the route

### Card 24
Front
* continuez/allez + tout droit/en direction de ../a` gauche/a` droite

Back
* continue / go + straight ahead / towards ../ left / right

### Card 25
Front
* tournez + a` gauche/a` droite

Back
* turn left/right

### Card 26
Front
* prenez + la premie`re rue/sur la droite/a` gauche

Back
* take + the first street / on the right / left

### Card 27
Front
* traversez le pont

Back
* cross the bridge

### Card 28
Front
* longez la station-service/le parc

Back
* walk along the gas station/the park

### Card 29
Front
* carrefour

Back
* crossroads

### Card 30
Front
* feu (n)

Back
* fire (n)

### Card 31
Front
* jusque(prepo)

Back
* until

### Card 32
Front
* loin (adv)

Back
* far

### Card 33
Front
* te´le´phonez a` la standardiste

Back
* call the operator

### Card 34
Front
* indiquez bien l'endroit o`u vous êtes

Back
* indicate the place where you are

### Card 35
Front
* longez d'abord. Longez d'abordl e parking.

Back
* wark along. walk along the parking.

### Card 36
Front
* Allez tout droit jusqu'au. Allez tout droit jusqu'au feu rouge

Back
* Go straight until. go straight until the red light.

### Card 37
Front
* tout-terrain. Elle a acheté un vélo tout-terrain.

Back
* all terrain(t?t c? các d?a hình)

### Card 38
Front
* vélo de cours

Back
* race bike

### Card 39
Front
* un antivol

Back
* a lock

### Card 40
Front
* entre. Le cinéma est entre la gare et le théâtre

Back
* between

### Card 41
Front
* sur la place du marché. La pharmacie est sur la place du marché

Back
* on the market place

### Card 42
Front
* être au bout de. La bibliothèque au bout de l'avenue Foch.

Back
* at the end of

### Card 43
Front
* être en face de = devant

Back
* in front of

### Card 44
Front
* être à droit. La poste est à droite de l'hôpital

Back
* on the right

### Card 45
Front
* être dans le. La gare est dans l'avenue Foch.

Back
* to be in the. The station is in avenue Foch.

### Card 46
Front
* être à côte de. L'hopital est à côte de la place.

Back
* be next to sthing

### Card 47
Front
* passer à. Passer à la pharmacie

Back
* go to the pharmacie.

### Card 48
Front
* rendre. rendre un livre à la bibliothique.

Back
* return

### Card 49
Front
* ""au coin du"" boulevard des mare´chaux

Back
* at the corner of

### Card 50
Front
* traversez la rivière

Back
* cross the river

### Card 51
Front
* L'office de tourisme est ""un peu plus loin à droite""

Back
* a little bit further to the right

### Card 52
Front
* face à la mer

Back
* in front of the sea

### Card 53
Front
* derrière

Back
* behind

### Card 54
Front
* en face de vous

Back
* in front of you

### Card 55
Front
* au coin de la rue

Back
* at the street corner

### Card 56
Front
* près de. Près de chez vous

Back
* near. Near your house

### Card 57
Front
* sur. Vous allez régulièrement sur Internet ?

Back
* on. You regularly go on the Internet?

### Card 58
Front
* loin. loin de la ville

Back
* far. far from the city

### Card 59
Front
* tourner avant. on tourne avant la rivière.

Back
* turn before

### Card 60
Front
* prenez la deuxième à gauche

Back
* take the second left

### Card 61
Front
* entrer. vous entrez dans la village.

Back
* come in

### Card 62
Front
* l'autoroute

Back
* Highway

### Card 63
Front
* sous. sous la table

Back
* under. under the table

### Card 64
Front
* il est au-dessus de tout

Back
* above. He is above everything.

### Card 65
Front
* au-dessous. Il est au-dessous de tout.

Back
* below. He is below everything",Everyone,en,FALSE,1/11/2018 17:16,21-05-20 11:52
Notebook French class Mairie,,,"### Card 1
Front
* la montagne

Back
* mountain

### Card 2
Front
* chanter

Back
* sing

### Card 3
Front
* danser

Back
* danse

### Card 4
Front
* lire

Back
* read

### Card 5
Front
* corrigez le erreurs

Back
* correct the errors

### Card 6
Front
* promener vs marcher

Back
* promener : di và nhìn ng?m xung quanh
* marcher : ch? don thu?n là di

### Card 7
Front
* on est en retard

Back
* We are late

### Card 8
Front
* on a faim et soif

Back
* we are hungry and thirsty

### Card 9
Front
* dicter

Back
* dictate(ra l?nh)

### Card 10
Front
* devenir. Léna est devenue rapidement un bébé calme

Back
* become

### Card 11
Front
* perdre. Le petit visage de ma Léna avait perdu ses rondeurs

Back
* lost. The little face of my Lena had lost its curves

### Card 12
Front
* barrer

Back
* block, remove

### Card 13
Front
* porter les pots à bout de bras du magasin à la maison

Back
* carry the pots at arm's length from the store to the house

### Card 14
Front
* diposer. Diposer du papier journal sur le carrelage

Back
* dispose. Put some newspaper on the tiles

### Card 15
Front
* protéger. Protéger le bord des fênetres

Back
* protect. Protect the edge of the windows

### Card 16
Front
* enfiler. Enfiler de vieux vêtements

Back
* put on. Put on old clothes

### Card 17
Front
* prêter. Elle était prête

Back
* ready. She was ready

### Card 18
Front
* debout là-dedans !

Back
* standing in there !

### Card 19
Front
* jouer

Back
* player

### Card 20
Front
* tout le monde

Back
* everybody

### Card 21
Front
* même. Ils habitent dans la même ville

Back
* same(adj)

### Card 22
Front
* compagnon. Il n'a pas d'amis et son seul compagnon, c'est son chien.

Back
* companion

### Card 23
Front
* facile

Back
* easy

### Card 24
Front
* libre. Elle a un vie très libre.

Back
* free. She has a very free life.

### Card 25
Front
* rire. Elle adore rire

Back
* laugh

### Card 26
Front
* tout les sépare mais ...

Back
* everything separates them but ...

### Card 27
Front
* personnage. Ils sont des personnages de roman

Back
* character

### Card 28
Front
* la routine

Back
* routine

### Card 29
Front
* lieu = endroit. un droit préféré

Back
* place. A favorite place

### Card 30
Front
* insérer

Back
* insert

### Card 31
Front
* courir. Je doit courir

Back
* run

### Card 32
Front
* arriver. Il peut arriver à temps.

Back
* arrive

### Card 33
Front
* bruit

Back
* noise

### Card 34
Front
* le moine

Back
* the monk(nhà su)

### Card 35
Front
* je veux => je voudrais

Back
* more polite. Nên dùng trong nhà hàng or mua s?m

### Card 36
Front
* la plage,la mer

Back
* the beach,the sea

### Card 37
Front
* très fatigué = épvisé

Back
* tired",Everyone,en,FALSE,6/12/2018 23:11,14-04-20 21:13
Gi?i t? ch? v? trí French,,,"### Card 1
Front
* derrière

Back
* behind

### Card 2
Front
* en face de vous

Back
* in front of you

### Card 3
Front
* au coin de la rue

Back
* at the street corner

### Card 4
Front
* près de. Près de chez vous

Back
* near. Near your house

### Card 5
Front
* sur. Vous allez régulièrement sur Internet ?

Back
* on. You regularly go on the Internet?",Everyone,en,TRUE,12/12/2018 21:38,14-04-20 21:08
,,,,,,,,
French Assystem 20.6,,,"### Card 1
Front
* cet ""élève"" ""a du mal à"" ne plus ""grignoter"" entre les repas

Back
* this ""student"" ""has a hard time"" not to ""nibble"" between meals

### Card 2
Front
* Je ne vous ai pas encore ""autorise"" a sortir de table

Back
* I have not ""allowe""d you to leave the table yet

### Card 3
Front
* j'(ai appris à) comprendre l'exercice

Back
* I learned to understand the exercise

### Card 4
Front
* devoirs

Back
* homework

### Card 5
Front
* Les activite´s quotidiennes

Back
* daily activities

### Card 6
Front
* Les loisirs

Back
* The hobbies

### Card 7
Front
* billet

Back
* ticket

### Card 8
Front
* rendre un livre à la bibliothèque

Back
* return a book to the library",Everyone,en,TRUE,20-06-19 16:41,14-04-20 21:28
,,,,,,,,
,,,,,,,,
,,,,,,,,
,,,,,,,,
,,,,,,,,
Ð?ng t? nhóm 3 present(b?t quy t?c),"Th??ng có 3 ki?u duôi: ir, oir và re.",,"### Card 1
Front
* avoir

Back
* ![image](https://d9np3dj86nsu2.cloudfront.net/image/64199d1faf21c9bcfa74007a01183094)

### Card 2
Front
* être

Back
* ![image](https://d9np3dj86nsu2.cloudfront.net/image/2682c7c27f332c9f94ec736740a933c3)

### Card 3
Front
* aller

Back
* ![image](https://d9np3dj86nsu2.cloudfront.net/image/5995dcedef4b6e2201c5d87700aa6a51)

### Card 4
Front
* dire

Back
* ![image](https://d9np3dj86nsu2.cloudfront.net/image/ff4d66b04c733cf3aa3cc3ebba6c46da)

### Card 5
Front
* faire

Back
* ![image](https://d9np3dj86nsu2.cloudfront.net/image/531d2b6e2f5142dde08f4a74bba5769c)

### Card 6
Front
* pouvoir

Back
* ![image](https://d9np3dj86nsu2.cloudfront.net/image/fa146e4a2da3c3383b9dc6d64c82415a)

### Card 7
Front
* savoir

Back
* ![image](https://d9np3dj86nsu2.cloudfront.net/image/a8b9ecdcb8da3254d2a516b6e6b42e60)

### Card 8
Front
* vouloir

Back
* ![image](https://d9np3dj86nsu2.cloudfront.net/image/c8a9732841433b93a4c12582fa589a8f)

### Card 9
Front
* devoir

Back
* ![image](https://d9np3dj86nsu2.cloudfront.net/image/4834dbbd0ee0b989a9cdfeb2ba9fdf49)

### Card 10
Front
* falloir(must)

Back
* je,tu,il,nous,vous,ils + faut

### Card 11
Front
* partir

Back
* ![image](https://d9np3dj86nsu2.cloudfront.net/image/0e3283e3e25ef271fd13ca1191876bd7)

### Card 12
Front
* dormir

Back
* ![image](https://d9np3dj86nsu2.cloudfront.net/image/2e7cc663d9c11363e998026fd7bdfaa5)

### Card 13
Front
* mentir

Back
* ![image](https://d9np3dj86nsu2.cloudfront.net/image/8fbd70ccf4a49471cbe7da43fa20d536)

### Card 14
Front
* se sentir

Back
* ![image](https://d9np3dj86nsu2.cloudfront.net/image/88a846e2c2e2fe7a4ff05ec885e16c91)

### Card 15
Front
* sortir

Back
* ![image](https://d9np3dj86nsu2.cloudfront.net/image/7e6800e63552251da9808516cc7d57c8)

### Card 16
Front
* courir

Back
* ![image](https://d9np3dj86nsu2.cloudfront.net/image/7480ec0dc3a6ce0de9afd2e1386c889c)

### Card 17
Front
* servir

Back
* ![image](https://d9np3dj86nsu2.cloudfront.net/image/f418ec0ea00eab39cf3ef38cae6321a0)

### Card 18
Front
* ouvrir

Back
* ![image](https://d9np3dj86nsu2.cloudfront.net/image/23ed3ba2dab7e7864661249648371b45)

### Card 19
Front
* couvrir

Back
* ![image](https://d9np3dj86nsu2.cloudfront.net/image/7480ec0dc3a6ce0de9afd2e1386c889c)

### Card 20
Front
* souffrir

Back
* ![image](https://d9np3dj86nsu2.cloudfront.net/image/f349b2a502195b84b08cbf2d346de8bb)

### Card 21
Front
* découvrir

Back
* ![image](https://d9np3dj86nsu2.cloudfront.net/image/f143275daf7568c99fc755cc11f523bb)

### Card 22
Front
* offrir

Back
* ![image](https://d9np3dj86nsu2.cloudfront.net/image/08681a4425c7ee459b4078144dc8bc80)

### Card 23
Front
* venir

Back
* ![image](https://d9np3dj86nsu2.cloudfront.net/image/79fcde6ca4325156a93cabac01c9cf1d)

### Card 24
Front
* tenir

Back
* ![image](https://d9np3dj86nsu2.cloudfront.net/image/c8369a957f2d1370cd8ae88fd9a99e6a)

### Card 25
Front
* obtenir

Back
* ![image](https://d9np3dj86nsu2.cloudfront.net/image/d7918159c8b2a901113219eaacf74466)

### Card 26
Front
* maintenir=entretenir(maintain)

Back
* ![image](https://d9np3dj86nsu2.cloudfront.net/image/8fbd70ccf4a49471cbe7da43fa20d536)

### Card 27
Front
* soutenir(support)

Back
* ![image](https://d9np3dj86nsu2.cloudfront.net/image/b1462555f8992a1b29cb9806f7be19ee)

### Card 28
Front
* retenir(retain)

Back
* ![image](https://d9np3dj86nsu2.cloudfront.net/image/9872cfeeea517341e8641ebb4a391ca7)

### Card 29
Front
* survenir(occur)

Back
* ![image](https://d9np3dj86nsu2.cloudfront.net/image/c180951803fb806dfa81c21b90783cde)

### Card 30
Front
* subvenir(support)

Back
* ![image](https://d9np3dj86nsu2.cloudfront.net/image/545b6f339c8feb27694c7d354f74e316)

### Card 31
Front
* se souvenir

Back
* ![image](https://d9np3dj86nsu2.cloudfront.net/image/fd462869bbf9d8e773b82a70d6938c3a)

### Card 32
Front
* revenir(return,come back)

Back
* ![image](https://d9np3dj86nsu2.cloudfront.net/image/677034e33be975c91d69bb87fd1d436e)

### Card 33
Front
* advenir(happen)

Back
* je,tu,il,nous,vous,ils + advient

### Card 34
Front
* circonvenir(dánh l?a)

Back
* ![image](https://d9np3dj86nsu2.cloudfront.net/image/1897393176594782ca01b4439d6a7554)

### Card 35
Front
* contenir(contain). Ex : Kien qui contient un litre)

Back
* ![image](https://d9np3dj86nsu2.cloudfront.net/image/f99981633a1277ab18ca08d93397f79d)

### Card 36
Front
* appartenir(belong to). Cette maison appartient à un industriel.

Back
* ![image](https://d9np3dj86nsu2.cloudfront.net/image/3a290b2c497ff886797b6fcb8445fb61)

### Card 37
Front
* détenir(detain,keep). Ce chercheur détient le secret.

Back
* ![image](https://d9np3dj86nsu2.cloudfront.net/image/3e27b48be21703f03517b26d01f75f2f)

### Card 38
Front
* contrevenir. Ils ont contrevenu aux règlement de la circulation.

Back
* violet, break the rule

### Card 39
Front
* convenir. Le tapis convenainent parfaitement à la pièce)

Back
* suit(be appropriate for something). The carpets were perfect for the room)

### Card 40
Front
* discovenir. Je ne discoviens pas que vous avez raison

Back
* disagree. I do not disagree that you are right

### Card 41
Front
* parvenir. Il est parvenu au sommet de la montagne

Back
* reach. He reached the top of the mountain

### Card 42
Front
* prévenir. Il faut prévenir maman que nous rentrerons plus tard.

Back
* warn(c?nh báo)

### Card 43
Front
* provenir = venir de. Cette lettre provient de sa mère)

Back
* come from, arise from

### Card 44
Front
* prévoir(plan)

Back
* ![image](https://d9np3dj86nsu2.cloudfront.net/image/123decc2562afc42abc3e1bd314b9fc2)",Everyone,en,FALSE,1/10/2019 10:03,7/5/2020 17:02
Ð?ng t? nhóm 3 k?t thúc b?ng “enir”,,,"### Card 1
Front
* disconvenir(Je ne disconviens pas que vous avez raison)

Back
* disagree(I do not disagree that you are right)

### Card 2
Front
* redevenir(Nous sommes redevenus des amis comme avant)

Back
* We became friends again like before

### Card 3
Front
* se ressouvenir

Back
* remember again",Everyone,en,TRUE,20-10-18 10:34,8/4/2020 8:27
Ð?ng t? nhóm 3 future simple,,,"### Card 1
Front
* avoir

Back
* ![image](https://d9np3dj86nsu2.cloudfront.net/image/a5d0c562ebe1b10e3b8471add82f7a0d)

### Card 2
Front
* être

Back
* ![image](https://d9np3dj86nsu2.cloudfront.net/image/b54b7b1a453efab4ab2326cb4b67274e)

### Card 3
Front
* aller

Back
* ![image](https://d9np3dj86nsu2.cloudfront.net/image/8c5613a865d7028264bfcaf1f573216f)",Everyone,en,TRUE,3/12/2019 18:55,8/4/2020 4:35
,,,,,,,,
,,,,,,,,
,,,,,,,,
,,,,,,,,
,,,,,,,,
,,,,,,,,
French assystem other,,,"### Card 1
Front
* Quand est-ce que tu e´criras ton premier ""roman""?

Back
* novel

### Card 2
Front
* Paris attendra la fin de ""l'enquête"" avant de ""réagir""

Back
* investigation, reacting

### Card 3
Front
* Je t'ai attendu ""pendant"" une demi heure

Back
* for

### Card 4
Front
* on va à ""la plage""

Back
* we are going to the ""beach""

### Card 5
Front
* je resterai au soleil

Back
* tôi se~ ta´m na´ng

### Card 6
Front
* Il y a du brouillard

Back
* There is fog

### Card 7
Front
* ses excellents plats a` un prix ""convenable""

Back
* his excellent dishes at a ""suitable"" price

### Card 8
Front
* Régine a grandi dans une ""famille de pêcheurs""

Back
* Régine grew up in a ""fishermen's family""

### Card 9
Front
* emporter

Back
* carry

### Card 10
Front
* la chèvre

Back
* the goat

### Card 11
Front
* le moyen de transport

Back
* the mean of transport

### Card 12
Front
* un lac

Back
* a lake

### Card 13
Front
* usager

Back
* user

### Card 14
Front
* randonnée

Back
* hiking

### Card 15
Front
* refuge.

Back
* refuge(noi chu an)

### Card 16
Front
* haut. plus haut refuge gardé de France.

Back
* high. highest guarded refuge in France

### Card 17
Front
* gravit.On š'y arrêté lorsqu'on gravit le mont Blanc.

Back
* climb. We stopped when we climbed Mont Blanc.

### Card 18
Front
* massif(adj)

Back
* massive

### Card 19
Front
* admirer. On peut admirer sa face nord

Back
* chiêm ngu?ng.B?n có th? chiêm ngu?ng m?t phía b?c c?a nó.

### Card 20
Front
* la vallée

Back
* the valley(thung lung)

### Card 21
Front
* nuitée. Ex : nuitée : 20.6 euros.

Back
* overnight

### Card 22
Front
* les fondeurs

Back
* the founders

### Card 23
Front
* l'alpinisme

Back
* mountaineering(leo núi)

### Card 24
Front
* l'escalade

Back
* climbing

### Card 25
Front
* une cirque

Back
* a circus(r?p xi?c)

### Card 26
Front
* un lacs

Back
* a lake

### Card 27
Front
* nombreux. Les lacs sont nombereux.

Back
* numerous

### Card 28
Front
* dortoirs

Back
* dorms(ký túc xá)

### Card 29
Front
* spacieuse

Back
* spacious(r?ng rãi)

### Card 30
Front
* la route montant

Back
* the uphill road(du?ng lên d?c)

### Card 31
Front
* piste(noun)

Back
* track(audio)",Everyone,en,TRUE,19-05-19 12:26,14-04-20 21:35
,,,,,,,,
,,,,,,,,
,,,,,,,,
Ð?ng t? nhóm 3(passe compose),,,"### Card 1
Front
* etre

Back
* ![image](https://d9np3dj86nsu2.cloudfront.net/image/2f19580dc6bfdca3eb376f71c70a714b)

### Card 2
Front
* avoir

Back
* ![image](https://d9np3dj86nsu2.cloudfront.net/image/bf636ed28fd97ad88768b2a2aea6cd6d)

### Card 3
Front
* aller

Back
* ![image](https://d9np3dj86nsu2.cloudfront.net/image/d617c07787466e842b49011e570efe79)

### Card 4
Front
* dire

Back
* ![image](https://d9np3dj86nsu2.cloudfront.net/image/3bac43ae65489e9758267628367f2790)

### Card 5
Front
* faire

Back
* ![image](https://d9np3dj86nsu2.cloudfront.net/image/ad97237d70974284b2611cfe3d894ae5)

### Card 6
Front
* pouvoir

Back
* ![image](https://d9np3dj86nsu2.cloudfront.net/image/5e4ff1af15bac598d99fe6ca56d554d4)

### Card 7
Front
* savoir

Back
* ![image](https://d9np3dj86nsu2.cloudfront.net/image/e4fa4fd2927da8836aaea58be7e006fc)

### Card 8
Front
* vouloir

Back
* ![image](https://d9np3dj86nsu2.cloudfront.net/image/ff6f4522e6b00efbd40725b362dd64cd)

### Card 9
Front
* partir

Back
* ![image](https://d9np3dj86nsu2.cloudfront.net/image/c716c421bdc61731d42f99ee10ab3d0b)

### Card 10
Front
* dormir

Back
* ![image](https://d9np3dj86nsu2.cloudfront.net/image/15e5aed65c65982a29ba10e79381365b)

### Card 11
Front
* mentir

Back
* ![image](https://d9np3dj86nsu2.cloudfront.net/image/20f20d207bbdbf913c5a99325d2abc1b)

### Card 12
Front
* ![image](https://d9np3dj86nsu2.cloudfront.net/image/8ec4ce24b9c2d257dfcd8cf02851f8f3)

Back
* se sentir

### Card 13
Front
* sortir

Back
* ![image](https://d9np3dj86nsu2.cloudfront.net/image/9abc30d9da8de0edb2b36564566f974f)

### Card 14
Front
* courir

Back
* ![image](https://d9np3dj86nsu2.cloudfront.net/image/d9019165a068556868255cdb53bc922b)

### Card 15
Front
* servir

Back
* ![image](https://d9np3dj86nsu2.cloudfront.net/image/535e8b75ec9462f9e3a4f2f88f0d5597)

### Card 16
Front
* ouvrir

Back
* ![image](https://d9np3dj86nsu2.cloudfront.net/image/1f7561984316cc806610e285c7ec86af)

### Card 17
Front
* couvrir

Back
* ![image](https://d9np3dj86nsu2.cloudfront.net/image/9459ac6baee45f92ca88136dd2dad5fc)

### Card 18
Front
* souffrir

Back
* ![image](https://d9np3dj86nsu2.cloudfront.net/image/9028d646c47a6e49fff3b0da89f97269)

### Card 19
Front
* découvrir

Back
* ![image](https://d9np3dj86nsu2.cloudfront.net/image/a5a5fc8b3de020d4c26de19479e4803c)

### Card 20
Front
* offrir

Back
* ![image](https://d9np3dj86nsu2.cloudfront.net/image/2f259792fad81432516a69ecf6c9c7c1)

### Card 21
Front
* venir

Back
* ![image](https://d9np3dj86nsu2.cloudfront.net/image/1ff3e7f0d298b61575ca1f3a42bcb6a8)

### Card 22
Front
* tenir

Back
* ![image](https://d9np3dj86nsu2.cloudfront.net/image/6599f53975b0b57094f2b0f06a6cdfb7)

### Card 23
Front
* obtenir

Back
* ![image](https://d9np3dj86nsu2.cloudfront.net/image/30821f5749c554361156b95ec4863f57)

### Card 24
Front
* maintenir

Back
* ![image](https://d9np3dj86nsu2.cloudfront.net/image/ea6a993b84f5ac9b22568e9dc9f2a1c7)

### Card 25
Front
* quy t?c nh? khi nào dùng etre/avoir khi dùng passe compose

Back
* ![image](https://d9np3dj86nsu2.cloudfront.net/image/3c08d033c8278d9dd138c4a8a532d4cc)

### Card 26
Front
* apprendre

Back
* ![image](https://d9np3dj86nsu2.cloudfront.net/image/2ea0099ce562581dd17ef747a19304de)

### Card 27
Front
* asseoir

Back
* ![image](https://d9np3dj86nsu2.cloudfront.net/image/a57e774524e10837750f5d69820b7510)

### Card 28
Front
* cuire

Back
* ![image](https://d9np3dj86nsu2.cloudfront.net/image/5a0dfd1ba4c6b9e8e5c5cf3c6b0ffdec)

### Card 29
Front
* écrire

Back
* ![image](https://d9np3dj86nsu2.cloudfront.net/image/0d6353d9eedc32d102207b09067e8f73)

### Card 30
Front
* frire

Back
* ![image](https://d9np3dj86nsu2.cloudfront.net/image/0d48d2a602191ddc52bb89463a1f1f06)

### Card 31
Front
* fuir

Back
* ![image](https://d9np3dj86nsu2.cloudfront.net/image/e4e40e4ad60465b0ca65653b3e9b3ce9)

### Card 32
Front
* mettre

Back
* ![image](https://d9np3dj86nsu2.cloudfront.net/image/57be86a705218ad3e33a52dd3b987b4f)

### Card 33
Front
* prendre

Back
* ![image](https://d9np3dj86nsu2.cloudfront.net/image/4418ab17282ab19c9a4ac035b8818a8d)

### Card 34
Front
* promettre

Back
* ![image](https://d9np3dj86nsu2.cloudfront.net/image/c6ea04c3cfffa138beab5d073900bb08)

### Card 35
Front
* remettre

Back
* ![image](https://d9np3dj86nsu2.cloudfront.net/image/87280a38abfd2035012f6bb245165445)

### Card 36
Front
* rire

Back
* ![image](https://d9np3dj86nsu2.cloudfront.net/image/3f3f88de0f3d7664d51365f718f87f30)

### Card 37
Front
* boire

Back
* ![image](https://d9np3dj86nsu2.cloudfront.net/image/26bfc33bd20066b19d0c1d851bf177eb)

### Card 38
Front
* croire

Back
* ![image](https://d9np3dj86nsu2.cloudfront.net/image/c20d6ab897ece1c27bae75a2a9c9a253)

### Card 39
Front
* décevoir

Back
* ![image](https://d9np3dj86nsu2.cloudfront.net/image/1c3762a562bb21cf3d38abdddb233763)

### Card 40
Front
* élire

Back
* ![image](https://d9np3dj86nsu2.cloudfront.net/image/c446c1f85241f763d7f4eca6e023ca14)

### Card 41
Front
* lire

Back
* ![image](https://d9np3dj86nsu2.cloudfront.net/image/edafdee5fc15332e02c0bf22ebd70595)",Everyone,en,FALSE,1/10/2019 13:03,21-11-19 18:23
,,,,,,,,
,,,,,,,,
,,,,,,,,
Ð?ng t? nhóm 3 b?t quy t?c(present),,,"### Card 1
Front
* être

Back
* ![image](https://d9np3dj86nsu2.cloudfront.net/image/d1cf2f7934113c51451c00b82021a75c)

### Card 2
Front
* aller(I am going to)

Back
* ![image](https://d9np3dj86nsu2.cloudfront.net/image/2ed0a77aa9e8146f670456716226e7d6)

### Card 3
Front
* avoir

Back
* ![image](https://d9np3dj86nsu2.cloudfront.net/image/01ac41aa13f485e87e922615e20d837e)

### Card 4
Front
* pouvoir

Back
* ![image](https://d9np3dj86nsu2.cloudfront.net/image/762a739227908be5b710b79a18eed55e)

### Card 5
Front
* faire

Back
* ![image](https://d9np3dj86nsu2.cloudfront.net/image/ccc33defba2d8c52b4f286ccfaf0888c)

### Card 6
Front
* devoir(must, have to)

Back
* ![image](https://d9np3dj86nsu2.cloudfront.net/image/340296c3b78dc73881030c1c5d0aa60f)

### Card 7
Front
* vouloir(want)

Back
* ![image](https://d9np3dj86nsu2.cloudfront.net/image/63db5d251f0910c8e6a43aae27df76bf)

### Card 8
Front
* souhaiter,désirer

Back
* wish

### Card 9
Front
* besoin

Back
* need

### Card 10
Front
* espérer

Back
* ![image](https://d9np3dj86nsu2.cloudfront.net/image/116c3c6e0e38bf5c02186f4f9359181c)

### Card 11
Front
* savoir(to know how to)

Back
* ![image](https://d9np3dj86nsu2.cloudfront.net/image/dd5c55d2a73990d281831df1e66e4c23)

### Card 12
Front
* il se peut que + m?nh d?. ex : Il se peut que je parte tot.

Back
* it is possible that ...

### Card 13
Front
* falloir(must)

Back
* je,tu,il,nous, vous, ils + faut",Everyone,en,TRUE,24-10-18 14:59,8/10/2019 22:32
,,,,,,,,
"les valeurs du pronom ""on""",,,"### Card 1
Front
* on = 2 valeurs

Back
* Marie et moi, on est contentes

### Card 2
Front
* on = valeur générale

Back
* En France, on aime faire les soldes

### Card 3
Front
* on dans ""ç'est un on impersonnel""

Back
* it's an impersonal one

### Card 4
Front
* on pour oral et informal, nous pour formal.

Back
* on cho van nói, nous cho van vi?t

### Card 5
Front
* il faut = On doit

Back
* n?u nói v? ""chúng ta"" m?t cách chung, bao quát. Il faut manger pour vivre = On doit manger",Everyone,en,TRUE,6/11/2018 23:11,8/10/2019 21:56
Ð?ng t? nhóm 2(passe compose),,,"### Card 1
Front
* choisir

Back
* ![image](https://d9np3dj86nsu2.cloudfront.net/image/7e1e0480d9d99feab09117c9675461dd)

### Card 2
Front
* grandir

Back
* ![image](https://d9np3dj86nsu2.cloudfront.net/image/651f239af59f0bb14d6d23c75c235084)",Everyone,en,FALSE,1/10/2019 12:33,1/10/2019 12:33
,,,,,,,,
Ð?ng t? nhóm 2(present),"Quy t?c : l?y d?ng t? nguyên m?u sau dó b? duôi “ir” r?i thêm : is,is,it,issons,issez,issent",,"### Card 1
Front
* choisir

Back
* ![image](https://d9np3dj86nsu2.cloudfront.net/image/6d8e2e64bede95e4691bd9cfb94a0e75)

### Card 2
Front
* grandir

Back
* ![image](https://d9np3dj86nsu2.cloudfront.net/image/c70b8e6e4bcca5b78af9084a380eabbe)

### Card 3
Front
* réfléchir(reflect)

Back
* ![image](https://d9np3dj86nsu2.cloudfront.net/image/a5e33d74ac269fca83cf7684c868ee55)",Everyone,en,FALSE,1/10/2019 9:40,1/10/2019 9:40
Ð?ng t? nhóm 1(er) present,"Quy t?c : l?y d?ng t? nguyên m?u sau dó b? duôi ""_ER"" và thêm: e,es,e,ons,ez,ent",,"### Card 1
Front
* parler

Back
* ![image](https://d9np3dj86nsu2.cloudfront.net/image/87c9b8dfa59727dce7f8761bbd1ff8eb)

### Card 2
Front
* manger

Back
* ![image](https://d9np3dj86nsu2.cloudfront.net/image/a82c7f4b16605efcc01b5648677c2d0b)

### Card 3
Front
* étudier

Back
* ![image](https://d9np3dj86nsu2.cloudfront.net/image/790e40bb10eaded0b632487794081b0f)

### Card 4
Front
* balader

Back
* ![image](https://d9np3dj86nsu2.cloudfront.net/image/ace2e57c352f2174db904a7805f7ccff)",Everyone,en,TRUE,9/12/2018 20:41,8/10/2019 22:32
,,,,,,,,
,,,,,,,,
10.9.2019,,,"### Card 1
Front
* le´ger (adj)

Back
* light

### Card 2
Front
* conseil

Back
* advice

### Card 3
Front
* ils sont plus originaux

Back
* they are more original",Everyone,en,TRUE,10/9/2019 21:33,14-04-20 21:26
,,,,,,,,
Les preposition et les verbes,,,"### Card 1
Front
* Il m'a (aidé à) décharger la voiture

Back
* He helped me to unload the car

### Card 2
Front
* nous (rêvons de) faire de tour du monde

Back
* we dream of going around the world

### Card 3
Front
* (Essaie de) faire tes devoirs tout seul

Back
* Try to do your homework alone

### Card 4
Front
* j'ai hésité à le prévenir.

Back
* I hesitated to prevent it.

### Card 5
Front
* vous n'avez pas arrêté de la journée

Back
* you did not stop the day

### Card 6
Front
* fais attention à ce que tu fais!

Back
* pay attention to what you do!

### Card 7
Front
* nous t'encourageons à te présenter au concours.

Back
* we encourage you to enter the contest.

### Card 8
Front
* Elle ne peut pas s'empêcher de regarder

Back
* She can not help but watch

### Card 9
Front
* Je serai ravi à vous rencontrer.

Back
* I will be delighted to meet you.

### Card 10
Front
* ils ont perdu tu temps à l'attendre au mauvais endroit.

Back
* they lost time waiting in the wrong place.

### Card 11
Front
* vous l'avez forcé à finir son assiette

Back
* you forced him to finish his plate

### Card 12
Front
* Elle m'aide à faire ma valise

Back
* She helps me pack my bags

### Card 13
Front
* Ils ont décidé de se séparer

Back
* They decided to separate

### Card 14
Front
* je vous suggère de prendre le plat du jour

Back
* I suggest you take the dish of the day

### Card 15
Front
* nous avons besoin de temps pour y réfléchir

Back
* we need time to think about it

### Card 16
Front
* tu t'es habitué à ton nouveau poste de travail ?

Back
* you got used to your new workstation?

### Card 17
Front
* Philippe songe à quitter sa femme

Back
* Philippe is thinking of leaving his wife

### Card 18
Front
* les enfants font semblant de ne pas comprendre

Back
* the children pretend not to understand

### Card 19
Front
* vous l'avez encouragé à faire autre chose

Back
* you encouraged him to do something else

### Card 20
Front
* Elle réfléchit à possibles conséquences.

Back
* She thinks about possible consequences.

### Card 21
Front
* Je me souviens de ce moment comme si c'était hier

Back
* I remember that moment as if it was yesterday

### Card 22
Front
* Tu as eu fort de lui en parler

Back
* You had a good time talking to him about it",Everyone,en,FALSE,20-06-19 17:04,20-06-19 17:04
,,,,,,,,
,,,,,,,,
Ngu~ Pha´p(French Assystem),,,"### Card 1
Front
* pour parler d'un e´ve´nement passe´ re´cent(Venir de + Infinitif).Ex : Je viens de relire votre CV

Back
* to talk about a recent past event(Venir de + Infinitif). Ex : I just reread your resume

### Card 2
Front
* avec qui/dans quels/sur quel(Avec qui je vais travailler/dans quels pays sont vos principaux clients/sur quel salaire je peux compter)

Back
* with whom / in what / on which.(Avec le director commercial/Dans les pays d'Asie/sur 34000 eu bruts par an)

### Card 3
Front
* Je travaille sur le projects, Je travaille avec ..., Je travaille dans ..

Back
* I work on projects, I work with ...,I work in ...

### Card 4
Front
* il y a + dure´e(ago)

Back
* J'ai te´le´phone´ il y a 10 jours

### Card 5
Front
* en + un mois/une anne´e(on)

Back
* J'ai fait un stage en avril

### Card 6
Front
* Depuis/pendant + dure´e. Je travaille depuis 10 ans

Back
* I have been working for 10 years

### Card 7
Front
* depuis + moment. Je travaille ici depuis 1999

Back
* since. I worked here since 1999

### Card 8
Front
* pour de´crire et parler d'actions/ de situations habituelles passe´es. Verb + ais/ais/ait/ions/iez/aient

Back
* to describe and talk about past actions / usual situations.Thi` hiê?n ta?i hoa`n tha`nh

### Card 9
Front
* Connaître + nom/ savoir + verbe/ savoir + pourquoi/combien..

Back
* les participes passe´s sont : su et connu",Everyone,en,TRUE,27-03-19 22:54,7/5/2019 20:34
French class assystem(Recruitment),,,"### Card 1
Front
* pouvez-vous me dire dans quels pays sont vos principaux clients?

Back
* can you tell me in which countries are your main customers?

### Card 2
Front
* vous allez etre completement autonome dans vos missions

Back
* you will be completely autonomous(independent) in your missions

### Card 3
Front
* quels outils de travail disposent vos commerciaux ?

Back
* what work tools do your sales staff have?

### Card 4
Front
* Pour les de´placements ?

Back
* For travel ?

### Card 5
Front
* voiture de fonction

Back
* company car

### Card 6
Front
* si je suis embauché, sur quel salaire je peux compter ?

Back
* if I am hired, on what salary can I count ?

### Card 7
Front
* les primes

Back
* bonus

### Card 8
Front
* Combien de jours de conge´s paye´s dans l'anne´e?

Back
* How many days of paid vacation in the year?

### Card 9
Front
* vous avez droit a` cinq semaines le´gales

Back
* you are entitled to five legal weeks(b?n du?c hu?ng nam tu?n h?p pháp)

### Card 10
Front
* vous avez travaille´ a` l'e´tranger

Back
* you worked abroad

### Card 11
Front
* pendant trois mois

Back
* for /during 3 months

### Card 12
Front
* faire mon stage

Back
* do my internship

### Card 13
Front
* responsable commercial

Back
* sales manager

### Card 14
Front
* nous organisons des ventes promotionnelles

Back
* we organize promotional sales

### Card 15
Front
* j'e´tais tre`s souvent en contact avec la cliente`le

Back
* I was very often in contact with customers

### Card 16
Front
* Je suis responsable du de´veloppment de nouveaux marche´s

Back
* I am responsible for the development of new markets

### Card 17
Front
* je viens de conclure une affaire importante en Allemagne

Back
* I have just finished an important business in Germany

### Card 18
Front
* pourquoi voulez-vous quitter cette socie´te´ ?

Back
* Why do you want to leave this company ?

### Card 19
Front
* Je travaille chez Gatsby depuis quelques années déjà

Back
* I have been working at Gatsby for a few years already

### Card 20
Front
* je souhaite  e´voluer professionnellement

Back
* I wish to evolve professionally

### Card 21
Front
* c'est un nouveau de´fi

Back
* it's a new challenge

### Card 22
Front
* Votre profil nous inte´resse

Back
* Your profile interests us

### Card 23
Front
* Il passe un entretien d'embauche

Back
* He's having a job interview

### Card 24
Front
* réunion de travail

Back
* work meeting

### Card 25
Front
* rencontrer, rencontrait a` cliente`le

Back
* meet, used to meet the client

### Card 26
Front
* Il e´tait responsable des commandes

Back
* He was responsible for orders

### Card 27
Front
* La salaire est de 3000e par an

Back
* The salary is 3000e per year

### Card 28
Front
* Il y a des primes

Back
* There are bonuses

### Card 29
Front
* vous disposez  ...

Back
* you have ...

### Card 30
Front
* ordinateur portable

Back
* laptop

### Card 31
Front
* vous avez droit  = vous avez la possibilite´ + a` + noun/de + verb. Ex : Vous avez droit a` cinq semaines de conge´s paye´s/Vous avez la possibilite´ de prendre vos conge´s

Back
* You have right to ...

### Card 32
Front
* compter(v)

Back
* count

### Card 33
Front
* objectif (n)

Back
* object

### Card 34
Front
* outil (n)

Back
* tool

### Card 35
Front
* poser une question

Back
* ask a question

### Card 36
Front
* financier avantages

Back
* financial benefits

### Card 37
Front
* mate´riels

Back
* materials

### Card 38
Front
* emploi actuel

Back
* current job

### Card 39
Front
* l'annonce

Back
* the announcement

### Card 40
Front
* un me´l

Back
* an email

### Card 41
Front
* promotionnel ventes

Back
* promotional sales

### Card 42
Front
* réaliser (v). Ex : pour resaliser ses objectifs professionnels

Back
* achieve

### Card 43
Front
* ressources

Back
* resources

### Card 44
Front
* depuis. Ex : Je travaille chez Gasbi depuis quelques anne´es de´ja`

Back
* since. I have been working at Gasbi for a few years already

### Card 45
Front
* parcours

Back
* career

### Card 46
Front
* l'entretien

Back
* interview

### Card 47
Front
* suivez

Back
* follow

### Card 48
Front
* En 2002, Je suis alle´e a` Londres

Back
* In 2002, I went to London

### Card 49
Front
* Il y a 4 ans

Back
* 4 years ago

### Card 50
Front
* Quitter

Back
* quit

### Card 51
Front
* responsabilité

Back
* responsibility

### Card 52
Front
* les compétences

Back
* skills

### Card 53
Front
* existe-t-il un salaire minimum garanti ?

Back
* is there a guaranteed minimum wage?

### Card 54
Front
* quel est le salaire moyen d'un employé ?

Back
* what is the average salary of an employee?

### Card 55
Front
* un ouvrier

Back
* worker

### Card 56
Front
* un cadre

Back
* manager

### Card 57
Front
* infirmière

Back
* nurse

### Card 58
Front
* contremaître

Back
* overseer(gia´m thi?)

### Card 59
Front
* agent de maîtrise

Back
* agent control(gia´m sa´t viên)

### Card 60
Front
* le temps de travail

Back
* work time

### Card 61
Front
* temps plein

Back
* full-time

### Card 62
Front
* travailler à temps partiel

Back
* work part-time(30 hours)

### Card 63
Front
* travailler a` mi temps

Back
* work part-time(17 hours)

### Card 64
Front
* il y a 10 jours fe´rie´s

Back
* there are 10 holidays

### Card 65
Front
* fêtes nationales

Back
* National holidays

### Card 66
Front
* religieuse

Back
* religious

### Card 67
Front
* voir les feux d'artifice

Back
* see the fireworks

### Card 68
Front
* il y a des bals populaires

Back
* there are popular balls

### Card 69
Front
* Quel est le temps de travail le´gal ?

Back
* What is the legal working time?

### Card 70
Front
* avez-vous des conge´s paye´s ?

Back
* do you have paid holidays?

### Card 71
Front
* Combien de jours de vacances pouvez-vous prendre par an ?

Back
* How many days of vacation can you take per year?

### Card 72
Front
* quels sont les jours fe´rie´s dans votre pays?

Back
* what are the holidays in your country?

### Card 73
Front
* Poste base´ a` Nantes

Back
* Position based in Nantes

### Card 74
Front
* vous êtes autonome et dynamique

Back
* you are autonomous and dynamic

### Card 75
Front
* la vente

Back
* the sale

### Card 76
Front
* cosmétique a` l'export

Back
* cosmetic export

### Card 77
Front
* ne´gocier avec

Back
* negotiate with

### Card 78
Front
* adresser votre candidature

Back
* send your application

### Card 79
Front
* votre project professionnel

Back
* your professional project

### Card 80
Front
* vous avez re´ussi dans ...

Back
* you have succeeded in ...

### Card 81
Front
* pourquoi posez-vous votre candidature ?

Back
* why are you applying?

### Card 82
Front
* quels sont vos principaux de´fauts ?

Back
* what are your main faults?

### Card 83
Front
* quelles sont vos principales qualite´s  ?

Back
* what are your main qualities?

### Card 84
Front
* qu'est ce que vous attendez de ce nouveau poste ?

Back
* what do you expect from this new position?

### Card 85
Front
* être diplôme de + nom de l'e´cole

Back
* Tô´t nghiê?p truo`ng na`o

### Card 86
Front
* accueil

Back
* reception

### Card 87
Front
* re´daction

Back
* writting (skill)

### Card 88
Front
* courant, bon niveau

Back
* excellent, good level (level of language)

### Card 89
Front
* les se´jours a` l'e´tranger

Back
* stays abroad

### Card 90
Front
* se´jours touristique

Back
* tourist stays

### Card 91
Front
* linguistique (adj)

Back
* linguistic

### Card 92
Front
* Responsable/pre´sident + de + club/society

Back
* responsible/president of

### Card 93
Front
* Pratique du/de la sport

Back
* choi môn thê? thao na`o

### Card 94
Front
* re´digez votre CV a` adresser a` ..

Back
* write your CV to send to ..

### Card 95
Front
* convoquer. Nous le convoquons en entretien

Back
* Call. We call him in interview

### Card 96
Front
* titre

Back
* title

### Card 97
Front
* situer de. Fillae situe´e en Europe

Back
* to locate in. Fillae located in Europe

### Card 98
Front
* baser a`. Poste base´ a` Toulouse

Back
* base in. Post based in Toulouse

### Card 99
Front
* Vous avez bon contact/des talents de + ...

Back
* You have talents of ...

### Card 100
Front
* vous avez de l' expe´rience .../ une expe´rience de ... ans ..

Back
* you have experience ... / an experience of ... years ..

### Card 101
Front
* Vous savez + parler ../comment/combien/pourquoi/ou`. Vous connaissez quelquechose/quelqu'n

Back
* You know + talk ../how/combian/why/where. You know something / someone

### Card 102
Front
* maîtrisez le/la/les ...

Back
* master at ...

### Card 103
Front
* filiale française

Back
* công ty con cu?a Pha´p

### Card 104
Front
* re´diger l'offre d'emploi a` paraître sur internet

Back
* write the job posting to appear on the internet

### Card 105
Front
* l'industrie alimentaire

Back
* food industry

### Card 106
Front
* produits laitiers

Back
* dairy products(sa?n phâ?m su~a)

### Card 107
Front
* animer une e´quipe de vendeurs

Back
* lead a team of salespeople

### Card 108
Front
* en moyenne. Un recruteur passe en moyenne 30 seconds pour lire un CV

Back
* on average. A recruiter spends an average of 30 seconds reading a resume

### Card 109
Front
* poste. poste de responsable commerciale

Back
* position. sales manager position

### Card 110
Front
* prospection client

Back
* Customer survey

### Card 111
Front
* re´alisation des propositions commerciales

Back
* realization of commercial proposals(Thu?c hiê?n ca´c dê` xuâ´t thuong ma?i)

### Card 112
Front
* société recrute

Back
* company recruits

### Card 113
Front
* manuscrite. letter de motivation manuscrite

Back
* handwritten(adj)

### Card 114
Front
* disponible

Back
* available

### Card 115
Front
* les tâches variées

Back
* various tasks

### Card 116
Front
* le suivi des dossier marketing

Back
* follow-up of marketing files

### Card 117
Front
* le profil du candidat

Back
* the profile of the candidate

### Card 118
Front
* le titre

Back
* the title

### Card 119
Front
* les fonctions

Back
* the functions

### Card 120
Front
* géographique(adj)

Back
* geographical

### Card 121
Front
* baccalauréat

Back
* baccalaureate(high school)

### Card 122
Front
* suivi des commandes

Back
* order tracking

### Card 123
Front
* anciens élèves de Polytechnique

Back
* alumni of Polytechnique

### Card 124
Front
* les conseils

Back
* the advice

### Card 125
Front
* d'après ce modèle

Back
* according to this model

### Card 126
Front
* précise le poste souhaite

Back
* specify the desired position

### Card 127
Front
* signer

Back
* sign

### Card 128
Front
* indiquer en premier votre diplôme le plus ancien

Back
* indicate first your oldest diploma

### Card 129
Front
* indiquer en premier votre expérience la plus recente

Back
* first indicate your most recent experience

### Card 130
Front
* ecrire de grandes phrases

Back
* write big sentences

### Card 131
Front
* vous ne devez pas faire un CV manuscrit

Back
* you do not have to do a manuscript resume

### Card 132
Front
* parler de tous vos loisirs

Back
* talk about all your hobbies

### Card 133
Front
* e´le`ve

Back
* high(adj)",Everyone,en,FALSE,25-03-19 23:12,14-04-20 21:05
,,,,,,,,
,,,,,,,,
,,,,,,,,
,,,,,,,,
,,,,,,,,
,,,,,,,,
,,,,,,,,
Future proche (aller + verb-present),,,"### Card 1
Front
* Nói v? 1 vi?c s?p x?y ra và có th? d? doán du?c

Back
* Attention !  Tu vas tomber(c?n th?n, b?n s? ngã)
* Le ciel est gris. Il va pleuvoir

### Card 2
Front
* Nh?ng thay d?i s?p x?y d?n

Back
* Ma soeur va avoir un bébé(em gái tôi s?p có em bé)",Everyone,en,TRUE,12/12/2018 10:23,8/10/2019 23:10
,,,,,,,,
,,,,,,,,
,,,,,,,,
English word stress key,,,"### Card 1
Front
* Stress on first syllable(most 2-syllable nouns)

Back
* PREsent, EXport, CHIna, TAble

### Card 2
Front
* Stress on first syllable(most 2-syllable adjectives)

Back
* PREsent, SLENder, CLEVer, HAPpy

### Card 3
Front
* Stress on last syllable(most 2-syllable verbs)

Back
* preSENT, exPORT, deCIDE, beGIN

### Card 4
Front
* Stress on ""second from end"" syllable(word ending in -ic)

Back
* GRAPHic, geoGRAPHic, geoLOGic

### Card 5
Front
* Stress on ""second from end"" syllable(words ending in -sion and -tion)

Back
* teleVIsion, releLAtion

### Card 6
Front
* Stress on ""third from end""(word ending in -cy, -ty, -phy, -gy)

Back
* deMOcracy, dependaBILLity, phoTOgraphy, geOLogy

### Card 7
Front
* Stress on ""third from end""(word ending in -al)

Back
* CRItical, geoLOGical

### Card 8
Front
* For compound nouns, the stress is on the first part

Back
* BLACKbird, GREENhouse

### Card 9
Front
* For compound adjectives, the stress is on the second part

Back
* bad-TEMpered, old-FASHioned

### Card 10
Front
* For compound verbs, the stress is on the second part

Back
* believe IN, carry OUT, take OVER, ask FOR",Everyone,en,FALSE,10/11/2018 14:05,10/11/2018 14:05
,,,,,,,,
Campus language 1,,,"### Card 1
Front
* le bistrot

Back
* quán ru?u

### Card 2
Front
* le croissant

Back
* the croissant

### Card 3
Front
* le monument

Back
* monument(công trình k? ni?m)

### Card 4
Front
* pâtisserie

Back
* bánh ng?t

### Card 5
Front
* le dance

Back
* dance

### Card 6
Front
* il est veuf, elle est veuve

Back
* goá v?, ch?ng

### Card 7
Front
* the world

Back
* le monde

### Card 8
Front
* la gastronomie

Back
* gastronomy(?m th?c)

### Card 9
Front
* L'entrée

Back
* món khai v?

### Card 10
Front
* La boisson

Back
* d? u?ng

### Card 11
Front
* Le plat principal

Back
* món chính

### Card 12
Front
* le fromage

Back
* cheese

### Card 13
Front
* Le dessert

Back
* món tráng mi?ng

### Card 14
Front
* ""reconnaître des"" mots en francais

Back
* Recoginize words in French

### Card 15
Front
* ""saluer"" et se présenter en Francais

Back
* ""greet"" and present yourself in French

### Card 16
Front
* ""apprendre"" à ""épeler""

Back
* ""learn"" to ""spell""

### Card 17
Front
* faire les courses

Back
* go shopping

### Card 18
Front
* je ne comprends pas

Back
* I don't understand

### Card 19
Front
* Je parle à qqn

Back
* I speak to someone

### Card 20
Front
* Je parle de qqn

Back
* I speak about someone

### Card 21
Front
* %

Back
* pour cent

### Card 22
Front
* angers « se trouve » au Nord-0uest

Back
* dc tìm th?y ? ...

### Card 23
Front
* aujourd’hui, c’est mercredi

Back
* today

### Card 24
Front
* demain

Back
* tomorrow

### Card 25
Front
* hier

Back
* yesterday

### Card 26
Front
* premier/première (jeudi 1 er)

Back
* first

### Card 27
Front
* la semaine prochaine

Back
* next week

### Card 28
Front
* la semaine dernière(dernier)

Back
* last week

### Card 29
Front
* on = nous

Back
* dùng trong van nói

### Card 30
Front
* quartier

Back
* quater, area

### Card 31
Front
* oui , plusieurs

Back
* several

### Card 32
Front
* mieux (adv)

Back
* better

### Card 33
Front
* interrogez-vous

Back
* ask yourself

### Card 34
Front
* se promener = se balader

Back
* ![image](https://d9np3dj86nsu2.cloudfront.net/image/02aa01dbe66c1b3919d01a7b2effc7f2)

### Card 35
Front
* piétonnes

Back
* pedestrian

### Card 36
Front
* en face de + moi

Back
* in front of

### Card 37
Front
* à côté de + moi

Back
* near

### Card 38
Front
* derrière + moi

Back
* back

### Card 39
Front
* sur

Back
* on

### Card 40
Front
* sous

Back
* under

### Card 41
Front
* le sommet

Back
* top

### Card 42
Front
* Join “partage” ses photos du Québec sur Internet.

Back
* share

### Card 43
Front
* Belle surprise sous le dôme.

Back
* dome(mái vòm)

### Card 44
Front
* “près de” Montréal

Back
* near

### Card 45
Front
* à vendredi

Back
* see you in Friday

### Card 46
Front
* le centre historique sont accessible “à pied”

Back
* by walk

### Card 47
Front
* c’est le quartier “chic” de Bruxelles

Back
* élegant(sang tr?ng)

### Card 48
Front
* la gare est « loin du » centre ville

Back
* far from

### Card 49
Front
* église

Back
* church

### Card 50
Front
* un trottinette

Back
* xe 2 bánh tru?t mà ngu?i Pháp hay di

### Card 51
Front
* la navette maritime

Back
* du thuy?n(30 ngu?i max)",Everyone,en,FALSE,18-10-18 17:27,7/11/2018 1:05
,,,,,,,,
,,,,,,,,
,,,,,,,,
d?ng t? nhóm 1(passe compose),"Avoir/etre + d?ng t? nguyên th? b? duôi er, thêm é",,"### Card 1
Front
* reverser(reverse)

Back
* ![image](https://d9np3dj86nsu2.cloudfront.net/image/3bf4ec12970ab11a78929355e85e6093)

### Card 2
Front
* écouter

Back
* ![image](https://d9np3dj86nsu2.cloudfront.net/image/6bb8641dcee8b2c91ace12ee74f1e050)",Everyone,en,FALSE,20-10-18 9:40,1/10/2019 12:30
Vebre + er,,,"### Card 1
Front
* manger

Back
* je mange, tu manges, il mange, nous mangeons, vous mangez, ils mangent

### Card 2
Front
* diner

Back
* je dine, tu dines, il dine, nous dinons, vous dinez, ils dinent",Everyone,en,TRUE,18-10-18 17:12,20-10-18 9:57
Observation et entrainement,,,"### Card 1
Front
* paris va “gagner”

Back
* paris “won” !

### Card 2
Front
* perdre

Back
* lose",Everyone,en,FALSE,18-10-18 17:11,18-10-18 17:11
,,,,,,,,
,,,,,,,,
,,,,,,,,
Simple communication,,,"### Card 1
Front
* Vous êtes ""né(e)"" quand? ou, Quelle est ta/votre date de nessance?

Back
* What is your birthday?

### Card 2
Front
* Je suis né le treize avril

Back
* I was born on 13/4

### Card 3
Front
* Quelle est ta/votre ville de naissance?

Back
* What is your city of birth?

### Card 4
Front
* Quelle est ta/votre pay de naissance?

Back
* What is your country of birth?

### Card 5
Front
* Je suis né(e) à Hanoi

Back
* I was born in Hanoi

### Card 6
Front
* Je suis né(e) au Vietnam

Back
* I was born in Vietnam

### Card 7
Front
* Quelle votre/ta nationalité?

Back
* What is your nationality?

### Card 8
Front
* C'est votre prenom?

Back
* is it your name?

### Card 9
Front
* Vous êtes célibataire?marié(e)?divorcée?

Back
* oui, je suis célibataire

### Card 10
Front
* Vous êtes étudiant?

Back
* Non, je ne suis pas étudiant

### Card 11
Front
* Qu'est ce que vous aimez?

Back
* What do you like?

### Card 12
Front
* J'aime le cinéma

Back
* I like the cinema

### Card 13
Front
* Quelle languge parle-t-elle?

Back
* which language does she speak?

### Card 14
Front
* ça fait du bien

Back
* this is good

### Card 15
Front
* ç'est pour ton bien

Back
* it's good for you

### Card 16
Front
* C'est bien toi?

Back
* is that really you?

### Card 17
Front
* C'est bien un restaurant ici?

Back
* Is it a restaurant here?

### Card 18
Front
* ça a l'air bien

Back
* it looks nice

### Card 19
Front
* avoir l'air

Back
* look like

### Card 20
Front
* elle a l'air plus jeune

Back
* she looks younger",Everyone,en,FALSE,15-10-18 22:53,15-10-18 22:53
